Country,Testing approaches used Client-initiated testing and counselling,Testing approaches used Provider-initiated testing and counselling,Testing approaches used Routine antenatal testing,Testing approaches used Community-based testing and counselling,Testing approaches used Home testing,Testing approaches used Lay provider testing,Testing approaches used Self-testing,Testing approaches used Assisted partner notification/index testing,Testing approaches used Other,Testing approaches used Social network-based testing,Period(s) when retesting is done: During pregnancy,Period(s) when retesting is done: At delivery,Period(s) when retesting is done: Post-partum/breastfeeding,Country adopted 2015 WHO guidelines recommendations on HIV testing services,Country has a national policy on HIV self-testing,Self-testing implemented (in countries with a national self-testing policy),Planned to include self-testing in national policy (countries where not already included),Assisted HIV partner notification included in national policy,Planned to include assisted HIV partner notification in national policy (countries where not already included),"Policy on HIV testing provision free to all, free to some or at a cost",Law specifying HIV testing solely performed based on voluntary and informed consent,Law specifying HIV testing is mandatory before marriage,Law specifying HIV testing is mandatory to obtain a work or residence permit,Law specifying HIV testing is mandatory for certain groups: National authorities,Law specifying HIV testing is mandatory for certain groups: Civil society,Country has a national policy/ strategy on linking HIV testing and counselling and enrolment in care,Country adapted 2016 WHO consolidated guidelines recommendations: adult antiretroviral therapy,National STI treatment guidelines or recommendations,National strategy/action plan for STI prevention and control,Gonococcal antimicrobial resistance monitoring conducted,National definition for congenital syphilis includes stillbirths,National strategy/policy guiding AIDS response,National HIV strategy/policy reviewed in last 2 years,National AIDS strategy/policy includes gender-transformative interventions,National AIDS strategy/policy includes dedicated budget for gender transformative interventions,Completeness of death reporting to civil registration and vital statistics system,Deaths must be reported using a standard death report form that includes cause of death,Individual-level data on reported deaths can be reported directly to the country's national HIV case reporting system,Individual-level data on reported deaths can be linked to the country's national HIV case reporting system,Country adapted 2018 WHO consolidated guidelines on ARV use for treating and preventing HIV infection,Country adopted WHO 2017 recommendation on rapid initiation on ART,Possible to start ART on the same day as HIV diagnosis,Country adopted WHO 2017 recommendation to offer interventions for advanced HIV disease,Implementation status of recommended interventions for advanced HIV disease,Country has a policy on retesting HIV-negative women during pregnancy/delivery and/or the post-partum/breastfeeding period,"Travel-related mandatory HIV testing and HIV-related restrictions on entry, stay and residence (by group)","Travel-related mandatory HIV testing and HIV-related restrictions on entry, stay and residence: HIV testing required for work permit","Travel-related mandatory HIV testing and HIV-related restrictions on entry, stay and residence: HIV testing required for study permit"
Afghanistan,Yes ,Yes ,Yes ,Yes ,,,,,,,Yes ,,,"Yes, partially ",No ,,No ,No ,Yes ,Free to all ,Yes ,No ,No ,No ,No ,No ,"Yes, completed ",Yes ,Yes ,No ,Yes ,"Yes, a stand-alone AIDS strategy or policy ",No ,No ,Yes ,,No ,,,"Yes, completed ","Yes, rapid initiation within 7 days of HIV diagnosis ",Yes ,"Yes, fully adopted ",Implemented countrywide  ,Yes ,No restrictions ,No ,No 
Albania,Yes ,Yes ,Yes ,Yes ,,,,Yes ,,,,,,"Yes, partially ",No ,,Yes ,No ,,Free to all ,Yes ,No ,No ,Yes ,Yes ,Yes ,On-going ,Yes ,No ,No ,No ,"Yes, a stand-alone AIDS strategy or policy ",Yes ,Yes ,No ,,Yes ,,,"Yes, completed ","Yes, rapid initiation within 7 days of HIV diagnosis ",,"Yes, fully adopted ",Implemented countrywide  ,No ,No restrictions ,No ,No 
Algeria,Yes ,Yes ,Yes ,Yes ,,,,Yes ,,,,,,"Yes, partially ",No ,,Yes ,No ,,Free to all ,Yes ,No ,No ,No ,No ,Yes ,"Yes, completed ",Yes ,Yes ,No ,Yes ,"Yes, a stand-alone AIDS strategy or policy ",Yes ,No ,No ,>75% complete ,Yes ,No ,No ,,,,,,,No restrictions ,No ,No 
Andorra,,,,,,,,,,,,,,,No ,,,,,,,,,,,,,,,,,,,,,,,,,,,,,,,No restrictions ,No ,No 
Angola,Yes ,Yes ,Yes ,Yes ,,Yes ,,Yes ,,,Yes ,Yes ,Yes ,"Yes, partially ",Yes ,No pilots or implementation ,Yes ,No ,No ,Free to all ,,No ,No ,No ,No ,Yes ,,Yes ,Yes ,No ,Yes ,"Yes, a stand-alone AIDS strategy or policy ",Yes ,Yes ,No ,,,,,On-going ,"Yes, rapid initiation within 7 days of HIV diagnosis ",Yes ,"Yes, fully adopted ",Implemented in many  treatment sites ,Yes ,No restrictions ,No ,No 
Antigua and Barbuda,Yes ,Yes ,Yes ,Yes ,,Yes ,,Yes ,,,,Yes ,Yes ,"Yes, partially ",No ,,No ,No ,Yes ,Free to all ,Yes ,No ,No ,No ,No ,Yes ,"Yes, completed ",Yes ,Yes ,"Yes, less than annually ",Yes ,"Yes, a health strategy or policy that integrates the AIDS response ",Yes ,Yes ,Yes ,>75% complete ,Yes ,Yes ,No ,On-going ,"Yes, rapid initiation within 7 days of HIV diagnosis ",Yes ,"Yes, partially adopted ",,Yes ,No restrictions ,No ,No 
Argentina,Yes ,Yes ,Yes ,Yes ,,Yes ,,Yes ,,,Yes ,Yes ,,"Yes, partially ",No ,,Yes ,No ,No ,Free to all ,Yes ,No ,No ,No ,Yes ,Yes ,"Yes, completed ",Yes ,Yes ,"Yes, annually ",Yes ,"Yes, a stand-alone AIDS strategy or policy ",Yes ,No ,,>75% complete ,Yes ,Yes ,Yes ,"Yes, completed ","Yes, rapid initiation within 7 days of HIV diagnosis ",Yes ,No ,Implemented in many  treatment sites ,Yes ,No restrictions ,No ,No 
Armenia,Yes ,Yes ,Yes ,Yes ,,Yes ,Yes ,Yes ,,,Yes ,,,"Yes, fully ",Yes ,"Yes, fully implemented ",Yes ,No ,Yes ,Free to all ,Yes ,No ,No ,Yes ,Yes ,Yes ,On-going ,Yes ,Yes ,No ,Yes ,"Yes, a stand-alone AIDS strategy or policy ",No ,No ,No ,>75% complete ,Yes ,No ,Yes ,On-going ,No ,Yes ,No ,,Yes ,No restrictions ,No ,No 
Australia,,,,,,,,,,,,,,,Yes ,"Yes, fully implemented ",,,,,,,,,,,,,,,,,,,,,,,,,,,,,,Require HIV testing or disclosure for some permits ,Yes ,Yes 
Austria,,,,,,,,,,,,,,,Yes ,"Yes, fully implemented ",,,,,,,,,,,,,,,,,,,,,,,,,,,,,,No restrictions ,No ,No 
Azerbaijan,Yes ,Yes ,Yes ,Yes ,,,,,,Yes ,Yes ,Yes ,,"Yes, partially ",No ,No pilots or implementation ,Yes ,No ,No ,Free to all ,Yes ,Yes ,Yes ,Yes ,No ,Yes ,On-going ,Yes ,Yes ,No ,Yes ,"Yes, a stand-alone AIDS strategy or policy ",Yes ,Yes ,Yes ,>75% complete ,Yes ,Yes ,Yes ,"Yes, completed ","Yes, rapid initiation within 7 days of HIV diagnosis ",Yes ,"Yes, fully adopted ",Other ,Yes ,Require HIV testing or disclosure for some permits ,Yes ,No 
Bahamas,Yes ,Yes ,Yes ,Yes ,Yes ,Yes ,Yes ,Yes ,,,Yes ,,,"Yes, partially ",No ,,Yes ,No ,,Free to some ,Yes ,No ,No ,Yes ,Yes ,Yes ,"Yes, completed ",Yes ,No ,No ,Yes ,"Yes, a stand-alone AIDS strategy or policy ",No ,Yes ,No ,>75% complete ,Yes ,Yes ,Yes ,"Yes, completed ","Yes, rapid initiation within 7 days of HIV diagnosis ",Yes ,,,Yes ,No restrictions ,No ,No 
Bahrain,Yes ,Yes ,Yes ,Yes ,,,,Yes ,,Yes ,,,,"Yes, fully ",No ,,Yes ,No ,,,,,,,,,,,,,,,,,,,,,,,,,,,,"Deport, prohibit short- and/or long-stay and require HIV testing or disclosure for some permits ",Yes ,Yes 
Bangladesh,Yes ,Yes ,Yes ,Yes ,,Yes ,,Yes ,,,Yes ,,,"Yes, partially ",Yes ,"No, it is being piloted ",,No ,,Free to all ,No ,No ,No ,No ,No ,Yes ,"Yes, completed ",Yes ,Yes ,No ,No ,"Yes, a health strategy or policy that integrates the AIDS response ",No ,Yes ,Yes ,,Yes ,Yes ,Yes ,"Yes, completed ","Yes, rapid initiation within 7 days of HIV diagnosis ",No ,"Yes, fully adopted ",,Yes ,No restrictions ,No ,No 
Barbados,Yes ,Yes ,Yes ,Yes ,,,,Yes ,,,Yes ,,,"Yes, partially ",No ,,No ,No ,Yes ,Free to all ,Yes ,No ,No ,No ,No ,Yes ,On-going ,Yes ,Yes ,"Yes, annually ",Yes ,"Yes, a stand-alone AIDS strategy or policy ",Yes ,Yes ,No ,,No ,,,On-going ,,,,,Yes ,No restrictions ,No ,No 
Belarus,Yes ,Yes ,Yes ,Yes ,,Yes ,Yes ,Yes ,,Yes ,Yes ,Yes ,,"Yes, partially ",Yes ,"Yes, fully implemented ",,No ,,Free to all ,Yes ,No ,Yes ,Yes ,Yes ,Yes ,On-going ,Yes ,Yes ,No ,Yes ,"Yes, a stand-alone AIDS strategy or policy ",Yes ,Yes ,Yes ,>75% complete ,Yes ,Yes ,Yes ,"Yes, completed ",No ,Yes ,"Yes, partially adopted ",Implemented countrywide  ,Yes ,No restrictions ,No ,No 
Belgium,,,,,,,,,,,,,,,Yes ,"Yes, fully implemented ",,,,,,,,,,,,,,,,,,,,,,,,,,,,,,No restrictions ,No ,No 
Belize,Yes ,,Yes ,Yes ,,,,Yes ,,,,,,"Yes, partially ",No ,,No ,Yes ,,,,,,,,,,,,,,,,,,,,,,,,,,,,Require HIV testing or disclosure for some permits ,No ,No 
Benin,Yes ,Yes ,Yes ,Yes ,,Yes ,,,,,Yes ,,,"Yes, partially ",Yes ,No pilots or implementation ,Yes ,No ,Yes ,Free to all ,Yes ,No ,No ,No ,Yes ,Yes ,"Yes, completed ",Yes ,Yes ,"Yes, less than annually ",No ,"Yes, a health strategy or policy that integrates the AIDS response ",Yes ,Yes ,Yes ,,No ,,,On-going ,No ,No ,No ,,Yes ,No restrictions ,No ,No 
Bhutan,,,,,,,,,,,,,,,No ,,Yes ,,,,,,,,,,,,,,,,,,,,,,,,,,,,,No restrictions ,No ,No 
Bolivia ,Yes ,Yes ,Yes ,Yes ,Yes ,Yes ,,Yes ,,,,,,"Yes, partially ",No ,,No ,No ,Yes ,Free to all ,Yes ,No ,No ,No ,Yes ,Yes ,On-going ,Yes ,Yes ,No ,Yes ,"Yes, a stand-alone AIDS strategy or policy ",Yes ,No ,Yes ,51–75% complete ,Yes ,No ,Yes ,On-going ,"Yes, rapid initiation within 7 days of HIV diagnosis ",Yes ,"Yes, fully adopted ",Implemented in many  treatment sites ,No ,No restrictions ,No ,No 
Bosnia and Herzegovina,,,,,,,,,,,,,,,Yes ,No pilots or implementation ,,,,,,,,,,,,,,,,,,,,,,,,,,,,,,Prohibit short- and/or long-stay and require HIV testing or disclosure for some permits ,Yes ,Yes 
Botswana,Yes ,Yes ,Yes ,Yes ,Yes ,Yes ,Yes ,Yes ,,Yes ,Yes ,Yes ,Yes ,"Yes, partially ",Yes ,"Yes, fully implemented ",,No ,,Free to some ,Yes ,No ,No ,Yes ,Yes ,Yes ,"Yes, completed ",Yes ,Yes ,"Yes, less than annually ",Yes ,"Yes, a stand-alone AIDS strategy or policy ",Yes ,No ,No ,51–75% complete ,Yes ,No ,No ,"Yes, completed ","Yes, rapid initiation within 7 days of HIV diagnosis ",Yes ,"Yes, fully adopted ",Implemented countrywide  ,Yes ,No restrictions ,No ,No 
Brazil,Yes ,Yes ,Yes ,Yes ,Yes ,Yes ,Yes ,,,,Yes ,Yes ,,"Yes, partially ",Yes ,"Yes, fully implemented ",,No ,Yes ,Free to all ,Yes ,No ,No ,No ,Yes ,Yes ,"Yes, completed ",Yes ,Yes ,"Yes, annually ",Yes ,"Yes, a health strategy or policy that integrates the AIDS response ",Yes ,Yes ,Yes ,>75% complete ,Yes ,No ,Yes ,"Yes, completed ","Yes, rapid initiation within 7 days of HIV diagnosis ",Yes ,"Yes, fully adopted ",Implemented countrywide  ,Yes ,No restrictions ,No ,No 
Brunei Darussalam,Yes ,Yes ,Yes ,,,,,Yes ,Yes ,,Yes ,,,No ,No ,,No ,No ,,Free to some ,,No ,Yes ,Yes ,,Yes ,,No ,No ,"Yes, annually ",,No ,,,,,Yes ,Yes ,No ,No ,No ,No ,"Yes, partially adopted ",Implemented countrywide  ,Yes ,"Deport, prohibit short- and/or long-stay and require HIV testing or disclosure for some permits ",Yes ,Yes 
Bulgaria,Yes ,Yes ,Yes ,Yes ,,,,,,,,,,,No ,,Yes ,No ,Yes ,,,,,,,,,,,,,,,,,,,,,,,,,,,No restrictions ,No ,No 
Burkina Faso,Yes ,Yes ,Yes ,Yes ,,Yes ,,Yes ,,,,,,Don't know ,Yes ,"No, it is being piloted ",,No ,Yes ,Free to all ,Yes ,No ,No ,No ,No ,Yes ,On-going ,Yes ,Yes ,No ,No ,"Yes, a stand-alone AIDS strategy or policy ",Yes ,Yes ,Yes ,,No ,,,"Yes, completed ","Yes, rapid initiation within 7 days of HIV diagnosis ",Yes ,"Yes, fully adopted ",Implemented countrywide  ,No ,No restrictions ,No ,No 
Burundi,Yes ,Yes ,Yes ,Yes ,,,,Yes ,,Yes ,,,,"Yes, partially ",Yes ,No pilots or implementation ,,No ,Yes ,Free to all ,Yes ,No ,No ,No ,No ,Yes ,On-going ,Yes ,Yes ,No ,Yes ,"Yes, a health strategy or policy that integrates the AIDS response ",No ,Yes ,Yes ,,No ,,,,,,,,,No restrictions ,No ,No 
Cabo Verde,,,,,,,,,,,,,,,No ,,,,,,,,,,,,,,,,,,,,,,,,,,,,,,,No restrictions ,No ,No 
Cambodia,Yes ,Yes ,Yes ,Yes ,,Yes ,,Yes ,,,Yes ,Yes ,Yes ,"Yes, partially ",Yes ,"No, it is being piloted ",Yes ,No ,Yes ,Free to all ,Yes ,No ,No ,No ,No ,Yes ,,Yes ,Yes ,No ,Yes ,"Yes, a stand-alone AIDS strategy or policy ",Yes ,Yes ,No ,,No ,,,"Yes, completed ",,,,,Yes ,No restrictions ,No ,No 
Cameroon,Yes ,Yes ,Yes ,Yes ,Yes ,Yes ,,Yes ,,,Yes ,Yes ,Yes ,"Yes, partially ",Yes ,"No, it is being piloted ",,No ,No ,Free to some ,Yes ,No ,No ,No ,No ,Yes ,"Yes, completed ",Yes ,Yes ,,Yes ,"Yes, a health strategy or policy that integrates the AIDS response ",Yes ,No ,Yes ,,Yes ,No ,No ,On-going ,"Yes, rapid initiation within 7 days of HIV diagnosis ",Yes ,"Yes, partially adopted ",,Yes ,No restrictions ,No ,No 
Canada,Yes ,Yes ,Yes ,Yes ,,,,Yes ,,,,Yes ,,"Yes, partially ",No ,,No ,No ,No ,Free to all ,Yes ,No ,Yes ,No ,No ,Yes ,,Yes ,Yes ,"Yes, annually ",No ,"Yes, a health strategy or policy that integrates the AIDS response ",Yes ,Yes ,No ,>75% complete ,Yes ,No ,No ,No ,Other ,Yes ,No ,,Yes ,No restrictions ,No ,No 
Central African Republic,Yes ,Yes ,Yes ,Yes ,Yes ,Yes ,Yes ,Yes ,,,Yes ,Yes ,Yes ,"Yes, partially ",Yes ,"No, it is being piloted ",,No ,,Free to all ,Yes ,Yes ,No ,Yes ,Yes ,Yes ,On-going ,Yes ,Yes ,No ,Yes ,"Yes, a stand-alone AIDS strategy or policy ",Yes ,Yes ,Yes ,,No ,,,"Yes, completed ",No ,Yes ,"Yes, fully adopted ",Implemented in few  treatment sites ,Yes ,No restrictions ,No ,No 
Chad,Yes ,Yes ,Yes ,Yes ,,,,,,,Yes ,Yes ,,"Yes, partially ",No ,,Yes ,No ,No ,,,,,,,,,Yes ,Yes ,No ,Yes ,,,,,,,,,"Yes, completed ",,Yes ,,,Yes ,No restrictions ,No ,No 
Chile,Yes ,Yes ,Yes ,Yes ,,Yes ,,Yes ,Yes ,,,,,No ,No ,,Yes ,No ,No ,Free to some ,Yes ,No ,No ,Yes ,Yes ,Yes ,On-going ,Yes ,Yes ,"Yes, annually ",Yes ,"Yes, a health strategy or policy that integrates the AIDS response ",Yes ,Yes ,Yes ,>75% complete ,Yes ,No ,Yes ,"Yes, completed ","Yes, rapid initiation within 7 days of HIV diagnosis ",No ,"Yes, fully adopted ",Implemented countrywide  ,No ,No restrictions ,No ,No 
China,Yes ,Yes ,Yes ,Yes ,Yes ,,Yes ,Yes ,Yes ,Yes ,Yes ,,,"Yes, partially ",Yes ,"Yes, fully implemented ",,No ,,Free to some ,Yes ,No ,No ,Yes ,Yes ,Yes ,"Yes, completed ",Yes ,Yes ,"Yes, annually ",No ,"Yes, a stand-alone AIDS strategy or policy ",No ,No ,,>75% complete ,Yes ,Yes ,No ,"Yes, completed ",No ,Yes ,"Yes, partially adopted ",Implemented in few  treatment sites ,Yes ,No restrictions ,No ,No 
Colombia,Yes ,Yes ,Yes ,Yes ,,,,,,,Yes ,Yes ,,"Yes, partially ",No ,"No, it is being piloted ",Yes ,No ,No ,Free to all ,Yes ,No ,No ,No ,No ,No ,Other ,Yes ,Yes ,"Yes, annually ",Yes ,"Yes, a stand-alone AIDS strategy or policy ",Yes ,No ,Yes ,>75% complete ,Yes ,Yes ,No ,"Yes, completed ",No ,No ,"Yes, fully adopted ",Implemented countrywide  ,Yes ,No restrictions ,No ,No 
Comoros,Yes ,Yes ,Yes ,Yes ,,Yes ,,,,,Yes ,,,"Yes, partially ",No ,,No ,No ,No ,Free to all ,Yes ,No ,No ,No ,No ,Yes ,"Yes, completed ",Yes ,Yes ,No ,Yes ,"Yes, a stand-alone AIDS strategy or policy ",No ,No ,Yes ,,No ,,,On-going ,"Yes, rapid initiation within 7 days of HIV diagnosis ",Yes ,"Yes, fully adopted ",Implemented countrywide  ,Yes ,No restrictions ,No ,No 
Congo,Yes ,Yes ,Yes ,Yes ,,Yes ,Yes ,,,,Yes ,Yes ,Yes ,"Yes, partially ",Yes ,"No, it is being piloted ",,No ,Yes ,Free to all ,,No ,No ,No ,No ,Yes ,,Yes ,No ,No ,Yes ,"Yes, a health strategy or policy that integrates the AIDS response ",Yes ,Yes ,Yes ,,Yes ,No ,No ,"Yes, completed ",Other ,Yes ,"Yes, fully adopted ",Implemented in many  treatment sites ,Yes ,No restrictions ,No ,No 
Cook Islands,Yes ,Yes ,Yes ,Yes ,,,,,,,,,,"Yes, partially ",No ,,Yes ,No ,Yes ,,,,,,,,,,,,,,,,,,,,,,,,,,,"Deport, prohibit short- and/or long-stay and require HIV testing or disclosure for some permits ",Yes ,No 
Costa Rica,Yes ,Yes ,Yes ,,,,,Yes ,,,Yes ,Yes ,,"Yes, partially ",No ,,No ,No ,No ,Free to some ,Yes ,No ,No ,No ,Yes ,Yes ,On-going ,Yes ,Yes ,No ,Yes ,"Yes, a health strategy or policy that integrates the AIDS response ",Yes ,Yes ,Yes ,>75% complete ,Yes ,Yes ,Yes ,"Yes, completed ",No ,No ,"Yes, fully adopted ",Implemented countrywide  ,Yes ,No restrictions ,No ,No 
Croatia,,,,,,,,,,,,,,,No ,,,,,,,,,,,,,,,,,,,,,,,,,,,,,,,No restrictions ,No ,No 
Cuba,Yes ,Yes ,Yes ,Yes ,,Yes ,,Yes ,,,Yes ,Yes ,,"Yes, partially ",No ,,Yes ,No ,,Free to all ,Yes ,No ,No ,Yes ,Yes ,Yes ,On-going ,Yes ,Yes ,"Yes, annually ",Yes ,"Yes, a health strategy or policy that integrates the AIDS response ",Yes ,Yes ,Yes ,,Yes ,Yes ,Yes ,"Yes, completed ","Yes, rapid initiation within 7 days of HIV diagnosis ",Yes ,"Yes, fully adopted ",,Yes ,Require HIV testing or disclosure for some permits ,No ,Yes 
Cyprus,,,,,,,,,,,,,,,No ,,,,,,,,,,,,,,,,,,,,,,,,,,,,,,,No restrictions ,No ,No 
Czechia,Yes ,Yes ,Yes ,Yes ,,,,Yes ,,,Yes ,,,"Yes, partially ",Yes ,No pilots or implementation ,,No ,,Free to all ,No ,No ,No ,Yes ,Yes ,Yes ,"Yes, completed ",No ,Yes ,No ,No ,"Yes, a stand-alone AIDS strategy or policy ",Yes ,No ,No ,,,,,"Yes, completed ",,,"Yes, fully adopted ",Implemented countrywide  ,Yes ,No restrictions ,No ,No 
Côte d'Ivoire,Yes ,Yes ,Yes ,Yes ,Yes ,Yes ,Yes ,Yes ,,,Yes ,Yes ,,"Yes, partially ",Yes ,"Yes, fully implemented ",,No ,No ,Free to all ,Yes ,No ,No ,No ,No ,Yes ,No ,Yes ,Yes ,No ,No ,"Yes, a health strategy or policy that integrates the AIDS response ",Yes ,Yes ,Yes ,>75% complete ,Yes ,No ,No ,"Yes, completed ",,Yes ,"Yes, fully adopted ",Implemented countrywide  ,Yes ,No restrictions ,No ,No 
Democratic People's Republic of Korea,,,,,,,,,,,,,,,No ,,,,,,,,,,,,,,,,,,,,,,,,,,,,,,,No restrictions ,No ,No 
Democratic Republic of the Congo,Yes ,Yes ,Yes ,Yes ,,Yes ,Yes ,Yes ,,,Yes ,Yes ,Yes ,"Yes, partially ",Yes ,"No, it is being piloted ",,Yes ,No ,Free to all ,,No ,No ,No ,No ,Yes ,,,,,,,,,,,,,,"Yes, completed ",No ,Yes ,"Yes, fully adopted ",,Yes ,No restrictions ,No ,No 
Denmark,,,,,,,,,,,,,,,Yes ,"Yes, fully implemented ",,,,,,,,,,,,,,,,,,,,,,,,,,,,,,No restrictions ,No ,No 
Djibouti,Yes ,Yes ,Yes ,,,,,,,,,,,No ,No ,,,Yes ,,,,,,,,,,,,,,,,,,,,,,,,,,,,No restrictions ,No ,No 
Dominica,Yes ,Yes ,Yes ,,,Yes ,,Yes ,,,,,,"Yes, partially ",No ,,No ,No ,,Free to all ,Yes ,No ,Yes ,No ,Yes ,Yes ,On-going ,Yes ,Yes ,"Yes, annually ",Yes ,"Yes, a health strategy or policy that integrates the AIDS response ",Yes ,No ,No ,,,,,,,,,,,No restrictions ,No ,No 
Dominican Republic,Yes ,Yes ,Yes ,Yes ,,,,Yes ,,,Yes ,Yes ,,"Yes, partially ",No ,,No ,No ,No ,Free to all ,Yes ,No ,Yes ,Yes ,Yes ,Yes ,On-going ,Yes ,Yes ,"Yes, annually ",Yes ,"Yes, a health strategy or policy that integrates the AIDS response ",Yes ,No ,Yes ,51–75% complete ,Yes ,No ,Yes ,"Yes, completed ","Yes, rapid initiation within 7 days of HIV diagnosis ",No ,"Yes, fully adopted ",Implemented countrywide  ,Yes ,Prohibit short- and/or long-stay and require HIV testing or disclosure for some permits ,Yes ,Yes 
Ecuador,Yes ,Yes ,Yes ,Yes ,Yes ,Yes ,,Yes ,,,Yes ,Yes ,Yes ,"Yes, partially ",No ,,No ,No ,Yes ,Free to all ,Yes ,No ,No ,No ,,Yes ,,Yes ,No ,No ,Yes ,"Yes, a health strategy or policy that integrates the AIDS response ",Yes ,Yes ,Yes ,25–50% complete ,Yes ,Yes ,Yes ,On-going ,No ,No ,"Yes, fully adopted ",,Yes ,No restrictions ,No ,No 
Egypt,Yes ,Yes ,Yes ,Yes ,,,,Yes ,,,,,,"Yes, partially ",No ,,No ,No ,,Free to all ,Yes ,No ,No ,No ,No ,Yes ,,Yes ,Yes ,,,"Yes, a stand-alone AIDS strategy or policy ",Yes ,Yes ,,>75% complete ,Yes ,No ,No ,"Yes, completed ",Other ,Yes ,"Yes, fully adopted ",,No ,"Deport, prohibit short- and/or long-stay and require HIV testing or disclosure for some permits ",Yes ,Yes 
El Salvador,Yes ,Yes ,Yes ,Yes ,,,,Yes ,,Yes ,Yes ,Yes ,,"Yes, partially ",No ,,Yes ,No ,No ,Free to all ,Yes ,No ,No ,No ,No ,Yes ,On-going ,Yes ,Yes ,"Yes, annually ",Yes ,"Yes, a stand-alone AIDS strategy or policy ",Yes ,Yes ,Yes ,51–75% complete ,Yes ,Yes ,Yes ,"Yes, completed ",No ,No ,"Yes, fully adopted ",Implemented countrywide  ,Yes ,No restrictions ,No ,No 
Equatorial Guinea,Yes ,Yes ,Yes ,Yes ,,,,,,,,,,"Yes, partially ",No ,,,No ,No ,Free to all ,Yes ,No ,,,No ,Yes ,No ,Yes ,Yes ,"Yes, annually ",Yes ,"Yes, a stand-alone AIDS strategy or policy ",Yes ,No ,,,,,,,,,,,,No restrictions ,No ,No 
Eritrea,,,,,,,,,,,,,,,Yes ,"No, it is being piloted ",,,,,,,,,,,,,,,,,,,,,,,,,,,,,,No restrictions ,No ,No 
Estonia,Yes ,Yes ,Yes ,Yes ,,,,Yes ,,,,,,No ,No ,,,Yes ,,,,,,,,,,,,,,,,,,,,,,,,,,,,No restrictions ,No ,No 
Eswatini,Yes ,Yes ,Yes ,Yes ,Yes ,Yes ,Yes ,Yes ,,Yes ,Yes ,Yes ,Yes ,"Yes, fully ",Yes ,"Yes, fully implemented ",Yes ,Yes ,,Free to all ,Yes ,No ,No ,No ,Yes ,Yes ,"Yes, completed ",Yes ,Yes ,No ,Yes ,"Yes, a stand-alone AIDS strategy or policy ",Yes ,Yes ,No ,,Yes ,Yes ,Yes ,"Yes, completed ","Yes, rapid initiation within 7 days of HIV diagnosis ",Yes ,"Yes, partially adopted ",Implemented in many  treatment sites ,Yes ,No restrictions ,No ,No 
Ethiopia,Yes ,Yes ,Yes ,Yes ,,Yes ,,Yes ,,,Yes ,Yes ,Yes ,"Yes, fully ",Yes ,"No, it is being piloted ",Yes ,No ,,Free to all ,Yes ,No ,No ,No ,No ,Yes ,"Yes, completed ",Yes ,Yes ,No ,Yes ,"Yes, a stand-alone AIDS strategy or policy ",Yes ,Yes ,Yes ,,No ,,,"Yes, completed ","Yes, rapid initiation within 7 days of HIV diagnosis ",Yes ,"Yes, fully adopted ",,Yes ,No restrictions ,No ,No 
Fiji,Yes ,Yes ,Yes ,,,,,Yes ,,,,,,No ,No ,,Yes ,Yes ,,Free to all ,Yes ,,,,Yes ,Yes ,Other ,Yes ,Yes ,No ,Yes ,"Yes, a stand-alone AIDS strategy or policy ",Yes ,Yes ,No ,,,,,,,,,,,No restrictions ,No ,No 
Finland,,,,,,,,,,,,,,,Yes ,"Yes, fully implemented ",,,,,,,,,,,,,,,,,,,,,,,,,,,,,,No restrictions ,No ,No 
France,,,,,,,,,,,,,,,Yes ,"Yes, fully implemented ",,,,,,,,,,,,,,,,,,,,,,,,,,,,,,No restrictions ,No ,No 
Gabon,Yes ,Yes ,Yes ,Yes ,Yes ,,,,,,Yes ,Yes ,Yes ,"Yes, partially ",Yes ,No pilots or implementation ,Yes ,No ,,Free to all ,Yes ,Yes ,No ,No ,Yes ,Yes ,On-going ,Yes ,Yes ,No ,Yes ,"Yes, a stand-alone AIDS strategy or policy ",Yes ,Yes ,Yes ,,No ,,,Other ,"Yes, rapid initiation within 7 days of HIV diagnosis ",Yes ,"Yes, fully adopted ",Implemented countrywide  ,Yes ,No restrictions ,No ,No 
Gambia,Yes ,Yes ,Yes ,Yes ,,,Yes ,,,,Yes ,Yes ,Yes ,"Yes, partially ",No ,,No ,No ,Yes ,Free to all ,,No ,No ,No ,,Yes ,,No ,No ,No ,,"Yes, a stand-alone AIDS strategy or policy ",Yes ,Yes ,No ,,,,,"Yes, completed ","Yes, rapid initiation within 7 days of HIV diagnosis ",Yes ,"Yes, fully adopted ",Implemented countrywide  ,Yes ,No restrictions ,No ,No 
Georgia,Yes ,Yes ,Yes ,Yes ,Yes ,Yes ,Yes ,Yes ,,Yes ,,,,"Yes, fully ",Yes ,"No, it is being piloted ",Yes ,Yes ,,Free to some ,Yes ,No ,No ,Yes ,Yes ,Yes ,"Yes, completed ",Yes ,No ,"Yes, less than annually ",Yes ,"Yes, a stand-alone AIDS strategy or policy ",Yes ,No ,,>75% complete ,Yes ,No ,Yes ,"Yes, completed ",Other ,Yes ,"Yes, fully adopted ",Implemented countrywide  ,No ,No restrictions ,No ,No 
Germany,Yes ,Yes ,Yes ,Yes ,,,,,,,,,,"Yes, partially ",Yes ,"Yes, fully implemented ",Yes ,No ,Yes ,,Yes ,No ,No ,No ,Yes ,Yes ,"Yes, completed ",Yes ,Yes ,"Yes, annually ",No ,"Yes, a health strategy or policy that integrates the AIDS response ",Yes ,No ,,,,,,,,,,,,No restrictions ,No ,No 
Ghana,Yes ,Yes ,Yes ,Yes ,Yes ,Yes ,,Yes ,Yes ,Yes ,Yes ,Yes ,Yes ,"Yes, fully ",Yes ,No pilots or implementation ,Yes ,No ,,Free to all ,Yes ,No ,No ,No ,Yes ,Yes ,"Yes, completed ",Yes ,Yes ,No ,Yes ,"Yes, a stand-alone AIDS strategy or policy ",Yes ,Yes ,No ,<25% complete ,Yes ,No ,No ,"Yes, completed ","Yes, rapid initiation within 7 days of HIV diagnosis ",Yes ,"Yes, fully adopted ",Implemented countrywide  ,Yes ,No restrictions ,No ,No 
Greece,,,,,,,,,,,,,,,No ,,Yes ,,,,,,,,,,,,,,,,,,,,,,,,,,,,,No restrictions ,No ,No 
Grenada,Yes ,Yes ,Yes ,,,,,,,,,,,"Yes, partially ",No ,,No ,,,,,,,,Yes ,,,,,,,,,,,,,,,,,,,,,No restrictions ,No ,No 
Guatemala,Yes ,Yes ,Yes ,Yes ,Yes ,Yes ,,Yes ,,,Yes ,Yes ,Yes ,"Yes, partially ",No ,,No ,No ,No ,Free to all ,Yes ,Yes ,No ,No ,Yes ,Yes ,On-going ,Yes ,Yes ,No ,No ,"Yes, a stand-alone AIDS strategy or policy ",Yes ,No ,No ,>75% complete ,Yes ,No ,No ,"Yes, completed ","Yes, rapid initiation within 7 days of HIV diagnosis ",Yes ,"Yes, fully adopted ",Implemented in few  treatment sites ,Yes ,No restrictions ,No ,No 
Guinea,Yes ,Yes ,Yes ,Yes ,,Yes ,Yes ,Yes ,,,Yes ,Yes ,Yes ,"Yes, fully ",Yes ,"Yes, fully implemented ",,Yes ,Yes ,Free to all ,Yes ,No ,No ,No ,No ,Yes ,On-going ,Yes ,Yes ,No ,Yes ,"Yes, a stand-alone AIDS strategy or policy ",Yes ,Yes ,Yes ,,No ,,,"Yes, completed ","Yes, rapid initiation within 7 days of HIV diagnosis ",Yes ,"Yes, fully adopted ",Implemented countrywide  ,Yes ,No restrictions ,No ,No 
Guinea-Bissau,Yes ,Yes ,Yes ,Yes ,,Yes ,,,,,,,,No ,Yes ,No pilots or implementation ,,No ,Yes ,Free to all ,,No ,No ,No ,No ,Yes ,,Yes ,No ,No ,No ,No ,,,,,No ,,,On-going ,No ,Yes ,"Yes, partially adopted ",Implemented in few  treatment sites ,No ,No restrictions ,No ,No 
Guyana,Yes ,Yes ,Yes ,Yes ,Yes ,Yes ,,Yes ,,Yes ,Yes ,Yes ,Yes ,"Yes, partially ",No ,,No ,No ,Yes ,Free to all ,Yes ,No ,No ,No ,Yes ,Yes ,On-going ,Yes ,Yes ,No ,Yes ,"Yes, a stand-alone AIDS strategy or policy ",No ,No ,,,Yes ,Yes ,Yes ,"Yes, completed ","Yes, rapid initiation within 7 days of HIV diagnosis ",Yes ,"Yes, partially adopted ",Implemented in many  treatment sites ,Yes ,No restrictions ,No ,No 
Haiti,Yes ,Yes ,Yes ,Yes ,,Yes ,Yes ,Yes ,,,Yes ,Yes ,Yes ,"Yes, fully ",Yes ,"No, it is being piloted ",Yes ,No ,Yes ,Free to all ,Yes ,No ,No ,No ,Yes ,Yes ,"Yes, completed ",Yes ,Yes ,No ,Yes ,"Yes, a stand-alone AIDS strategy or policy ",Yes ,Yes ,No ,,Yes ,No ,No ,"Yes, completed ","Yes, rapid initiation within 7 days of HIV diagnosis ",Yes ,"Yes, fully adopted ",,Yes ,No restrictions ,No ,No 
Honduras,Yes ,Yes ,Yes ,Yes ,,Yes ,,Yes ,,,Yes ,,,"Yes, partially ",No ,,Yes ,No ,No ,Free to all ,Yes ,Yes ,No ,No ,No ,Yes ,On-going ,Yes ,Yes ,No ,Yes ,"Yes, a stand-alone AIDS strategy or policy ",Yes ,Yes ,Yes ,<25% complete ,Yes ,Yes ,Yes ,On-going ,No ,No ,"Yes, partially adopted ",,Yes ,No restrictions ,No ,No 
Hungary,,,,,,,,,,,,,,,No ,,,,,,,,,,,,,,,,,,,,,,,,,,,,,,,No restrictions ,No ,No 
Iceland,Yes ,,Yes ,,,,,,,,,,,Don't know ,No ,,,Yes ,,Free to all ,No ,No ,No ,Yes ,No ,No ,On-going ,No ,No ,"Yes, annually ",Yes ,"Yes, a health strategy or policy that integrates the AIDS response ",No ,,,,,,,,,,,,,No restrictions ,No ,No 
India,Yes ,Yes ,Yes ,Yes ,,Yes ,,Yes ,,,Yes ,Yes ,Yes ,"Yes, partially ",No ,,Yes ,No ,,Free to all ,Yes ,No ,No ,No ,Yes ,Yes ,"Yes, completed ",Yes ,Yes ,"Yes, annually ",Yes ,"Yes, a stand-alone AIDS strategy or policy ",Yes ,No ,,>75% complete ,Yes ,No ,No ,No ,"Yes, rapid initiation within 7 days of HIV diagnosis ",Yes ,"Yes, partially adopted ",Implemented countrywide  ,Yes ,No restrictions ,No ,No 
Indonesia,Yes ,Yes ,Yes ,Yes ,Yes ,,,,,,Yes ,,,"Yes, partially ",No ,,Yes ,No ,Yes ,,,,,,,Yes ,,Yes ,Yes ,No ,No ,"Yes, a stand-alone AIDS strategy or policy ",Yes ,No ,Yes ,,No ,,,No ,"Yes, rapid initiation within 7 days of HIV diagnosis ",Yes ,"Yes, fully adopted ",Implemented in many  treatment sites ,Yes ,Prohibit short- and/or long-stay and require HIV testing or disclosure for some permits ,Yes ,No 
Iran ,Yes ,Yes ,Yes ,Yes ,,Yes ,Yes ,Yes ,,,Yes ,Yes ,Yes ,"Yes, fully ",Yes ,"No, it is being piloted ",Yes ,Yes ,,Free to all ,Yes ,No ,No ,Yes ,Yes ,Yes ,On-going ,Yes ,Yes ,No ,No ,"Yes, a stand-alone AIDS strategy or policy ",Yes ,Yes ,Yes ,>75% complete ,Yes ,Yes ,Yes ,"Yes, completed ","Yes, rapid initiation within 7 days of HIV diagnosis ",No ,"Yes, fully adopted ",Implemented countrywide  ,Yes ,No restrictions ,No ,No 
Iraq,,,,,,,,,,,,,,,No ,,,,,,,,,,,,,,,,,,,,,,,,,,,,,,,"Deport, prohibit short- and/or long-stay and require HIV testing or disclosure for some permits ",Yes ,Yes 
Ireland,Yes ,Yes ,Yes ,Yes ,Yes ,,,Yes ,,,,,,No ,Yes ,"Yes, fully implemented ",Yes ,No ,Yes ,Free to all ,Yes ,No ,No ,No ,No ,Yes ,On-going ,No ,Yes ,"Yes, annually ",No ,"Yes, a health strategy or policy that integrates the AIDS response ",Yes ,Yes ,No ,,,,,,,,,,,No restrictions ,No ,No 
Israel,Yes ,Yes ,,Yes ,,,,Yes ,,,,,,"Yes, partially ",No ,,No ,No ,,Free to all ,,No ,Yes ,Yes ,,Yes ,,Yes ,No ,"Yes, annually ",,"Yes, a health strategy or policy that integrates the AIDS response ",Yes ,,,,Yes ,Yes ,No ,On-going ,,No ,,,No ,Require HIV testing or disclosure for some permits ,Yes ,No 
Italy,,,,,,,,,,,,,,,Yes ,"Yes, fully implemented ",,,,,,,,,,,,,,,,,,,,,,,,,,,,,,No restrictions ,No ,No 
Jamaica,Yes ,Yes ,Yes ,Yes ,Yes ,Yes ,Yes ,Yes ,,,Yes ,Yes ,Yes ,"Yes, fully ",No ,,Yes ,Yes ,,Free to all ,Yes ,No ,No ,No ,No ,Yes ,"Yes, completed ",Yes ,Yes ,No ,Yes ,"Yes, a health strategy or policy that integrates the AIDS response ",Yes ,Yes ,No ,>75% complete ,Yes ,No ,Yes ,Other ,"Yes, rapid initiation within 7 days of HIV diagnosis ",Yes ,"Yes, fully adopted ",,Yes ,No restrictions ,No ,No 
Japan,,,,,,,,,,,,,,,,,,,,,,,,,,,,,,,,,,,,,,,,,,,,,,No restrictions ,No ,No 
Jordan,Yes ,,Yes ,,,,,Yes ,Yes ,,,,,"Yes, partially ",No ,,Yes ,No ,Yes ,Free to all ,Yes ,No ,No ,No ,,No ,,No ,No ,No ,No ,No ,,No ,,>75% complete ,Yes ,No ,No ,On-going ,"Yes, rapid initiation within 7 days of HIV diagnosis ",Yes ,"Yes, partially adopted ",Implemented countrywide  ,No ,"Deport, prohibit short- and/or long-stay and require HIV testing or disclosure for some permits ",Yes ,Yes 
Kazakhstan,Yes ,Yes ,Yes ,Yes ,,Yes ,Yes ,Yes ,,Yes ,Yes ,Yes ,,"Yes, partially ",No ,,Yes ,No ,Yes ,Free to all ,Yes ,No ,No ,Yes ,Yes ,Yes ,On-going ,Yes ,Yes ,"Yes, less than annually ",No ,"Yes, a health strategy or policy that integrates the AIDS response ",Yes ,No ,Yes ,>75% complete ,Yes ,Yes ,Yes ,"Yes, completed ","Yes, rapid initiation within 7 days of HIV diagnosis ",Yes ,"Yes, fully adopted ",Implemented countrywide  ,Yes ,Require HIV testing or disclosure for some permits ,Yes ,Yes 
Kenya,Yes ,Yes ,Yes ,Yes ,Yes ,Yes ,Yes ,Yes ,,Yes ,Yes ,Yes ,Yes ,"Yes, fully ",Yes ,"Yes, fully implemented ",,Yes ,Yes ,Free to all ,Yes ,No ,No ,No ,Yes ,Yes ,"Yes, completed ",Yes ,Yes ,No ,Yes ,"Yes, a stand-alone AIDS strategy or policy ",Yes ,Yes ,Yes ,>75% complete ,Yes ,No ,No ,"Yes, completed ","Yes, rapid initiation within 7 days of HIV diagnosis ",Yes ,"Yes, fully adopted ",Implemented countrywide  ,Yes ,No restrictions ,No ,No 
Kiribati,Yes ,Yes ,Yes ,,,Yes ,,Yes ,,,,,,"Yes, partially ",No ,,No ,No ,Yes ,Free to all ,No ,No ,No ,No ,Yes ,Yes ,On-going ,Yes ,No ,No ,No ,"Yes, a health strategy or policy that integrates the AIDS response ",No ,No ,No ,>75% complete ,Yes ,Yes ,Yes ,No ,No ,Yes ,No ,,No ,No restrictions ,No ,No 
Kuwait,Yes ,Yes ,Yes ,,,,,Yes ,,,,,,"Yes, partially ",No ,,Yes ,No ,,Free to all ,Yes ,Yes ,Yes ,Yes ,Yes ,Yes ,Other ,Yes ,Yes ,"Yes, annually ",Yes ,"Yes, a stand-alone AIDS strategy or policy ",Yes ,Yes ,Yes ,51–75% complete ,Yes ,Yes ,Yes ,,,,,,,"Deport, prohibit short- and/or long-stay and require HIV testing or disclosure for some permits ",Yes ,Yes 
Kyrgyzstan,Yes ,Yes ,Yes ,Yes ,,,Yes ,,,,,,,"Yes, partially ",Yes ,"No, it is being piloted ",Yes ,No ,Yes ,Free to some ,Yes ,No ,No ,Yes ,Yes ,Yes ,On-going ,Yes ,Yes ,"Yes, less than annually ",Yes ,"Yes, a stand-alone AIDS strategy or policy ",Yes ,Yes ,Yes ,>75% complete ,Yes ,Yes ,Yes ,On-going ,"Yes, rapid initiation within 7 days of HIV diagnosis ",Yes ,"Yes, partially adopted ",Implemented in few  treatment sites ,No ,Prohibit short- and/or long-stay and require HIV testing or disclosure for some permits ,Yes ,Yes 
Lao People's Democratic Republic,Yes ,Yes ,Yes ,Yes ,,,,Yes ,,,,,,"Yes, partially ",Yes ,"No, it is being piloted ",,No ,,Free to all ,Yes ,No ,No ,Yes ,No ,Yes ,"Yes, completed ",Yes ,Yes ,No ,,"Yes, a health strategy or policy that integrates the AIDS response ",Yes ,No ,No ,,,,,,,,,,,No restrictions ,No ,No 
Latvia,Yes ,Yes ,Yes ,Yes ,,,,,,,,,,No ,Yes ,No pilots or implementation ,,No ,Yes ,Free to some ,Yes ,No ,No ,Yes ,Yes ,No ,No ,Yes ,No ,"Yes, annually ",No ,No ,,,,,,,,,,,,,,No restrictions ,No ,No 
Lebanon,Yes ,Yes ,Yes ,Yes ,,,,Yes ,,,,,,"Yes, fully ",Yes ,"Yes, fully implemented ",,Yes ,,,,,,,,,,,,,,,,,,,,,,,,,,,,Require HIV testing or disclosure for some permits ,Yes ,No 
Lesotho,Yes ,Yes ,Yes ,Yes ,Yes ,Yes ,Yes ,Yes ,,,Yes ,Yes ,Yes ,"Yes, fully ",Yes ,"Yes, fully implemented ",,Yes ,Yes ,Free to all ,Yes ,No ,No ,No ,Yes ,Yes ,"Yes, completed ",Yes ,No ,No ,,"Yes, a stand-alone AIDS strategy or policy ",Yes ,Yes ,Yes ,,No ,,,"Yes, completed ","Yes, rapid initiation within 7 days of HIV diagnosis ",Yes ,"Yes, fully adopted ",Implemented countrywide  ,Yes ,No restrictions ,No ,No 
Liberia,Yes ,Yes ,Yes ,Yes ,,Yes ,,Yes ,,,Yes ,Yes ,Yes ,"Yes, partially ",No ,,Yes ,No ,No ,Free to all ,Yes ,No ,No ,No ,Yes ,Yes ,No ,Yes ,Yes ,No ,Yes ,"Yes, a stand-alone AIDS strategy or policy ",No ,No ,Yes ,,No ,,,On-going ,"Yes, rapid initiation within 7 days of HIV diagnosis ",Yes ,"Yes, fully adopted ",,Yes ,No restrictions ,No ,No 
Libya,Yes ,Yes ,Yes ,Yes ,,Yes ,,Yes ,,Yes ,Yes ,Yes ,,"Yes, partially ",No ,,No ,No ,Yes ,Free to all ,No ,Yes ,Yes ,No ,Yes ,Yes ,"Yes, completed ",,No ,No ,No ,"Yes, a stand-alone AIDS strategy or policy ",Yes ,No ,,>75% complete ,Yes ,No ,No ,On-going ,No ,No ,"Yes, partially adopted ",Implemented in few  treatment sites ,Yes ,No restrictions ,No ,No 
Liechtenstein,,,,,,,,,,,,,,,,,,,,,,,,,,,,,,,,,,,,,,,,,,,,,,No restrictions ,No ,No 
Lithuania,Yes ,Yes ,Yes ,Yes ,,,,,,,,,,"Yes, partially ",No ,,Yes ,Yes ,,Free to some ,Yes ,No ,No ,Yes ,Yes ,Yes ,On-going ,Yes ,Yes ,No ,No ,"Yes, a stand-alone AIDS strategy or policy ",No ,,,,,,,,,,,,,No restrictions ,No ,No 
Luxembourg,Yes ,Yes ,Yes ,Yes ,,,,Yes ,,,,,,"Yes, partially ",Yes ,"Yes, fully implemented ",,Yes ,,Free to all ,Yes ,No ,No ,No ,No ,Yes ,On-going ,No ,No ,"Yes, annually ",No ,"Yes, a stand-alone AIDS strategy or policy ",Yes ,No ,,,,,,,,,,,,No restrictions ,No ,No 
Madagascar,Yes ,Yes ,Yes ,Yes ,Yes ,Yes ,,Yes ,,Yes ,Yes ,,,"Yes, partially ",No ,,No ,No ,No ,Free to all ,Yes ,No ,No ,No ,No ,Yes ,"Yes, completed ",Yes ,Yes ,"Yes, less than annually ",No ,"Yes, a stand-alone AIDS strategy or policy ",Yes ,Yes ,Yes ,51–75% complete ,No ,Yes ,Yes ,On-going ,Other ,Yes ,No ,,Yes ,No restrictions ,No ,No 
Malawi,Yes ,Yes ,Yes ,Yes ,Yes ,Yes ,Yes ,Yes ,Yes ,Yes ,Yes ,Yes ,Yes ,"Yes, fully ",Yes ,"Yes, fully implemented ",,Yes ,,Free to all ,Yes ,No ,No ,Yes ,Yes ,Yes ,"Yes, completed ",Yes ,Yes ,"Yes, annually ",Yes ,"Yes, a stand-alone AIDS strategy or policy ",Yes ,Yes ,Yes ,<25% complete ,Yes ,Yes ,Yes ,"Yes, completed ","Yes, rapid initiation within 7 days of HIV diagnosis ",Yes ,"Yes, fully adopted ",Implemented countrywide  ,Yes ,No restrictions ,No ,No 
Malaysia,Yes ,Yes ,Yes ,Yes ,,,,Yes ,Yes ,,Yes ,,,"Yes, partially ",No ,,Yes ,No ,,Free to all ,No ,No ,No ,Yes ,Yes ,Yes ,"Yes, completed ",Yes ,Yes ,"Yes, annually ",Yes ,"Yes, a stand-alone AIDS strategy or policy ",No ,Yes ,Yes ,25–50% complete ,Yes ,Yes ,Yes ,"Yes, completed ",Other ,Yes ,"Yes, partially adopted ",,Yes ,"Deport, prohibit short- and/or long-stay and require HIV testing or disclosure for some permits ",Yes ,Yes 
Maldives,Yes ,Yes ,Yes ,,,,,,,,,,,"Yes, fully ",No ,,,No ,No ,,,,,,,,,,,,,,,,,,,,,,,,,,,Prohibit short- and/or long-stay and require HIV testing or disclosure for some permits ,Yes ,No 
Mali,Yes ,Yes ,Yes ,Yes ,,Yes ,Yes ,Yes ,,Yes ,Yes ,Yes ,Yes ,No ,Yes ,"No, it is being piloted ",Yes ,No ,No ,Free to all ,Yes ,No ,No ,No ,Yes ,Yes ,"Yes, completed ",Yes ,Yes ,No ,,"Yes, a stand-alone AIDS strategy or policy ",Yes ,Yes ,Yes ,,Yes ,No ,No ,"Yes, completed ","Yes, rapid initiation within 7 days of HIV diagnosis ",Yes ,No ,,No ,No restrictions ,No ,No 
Malta,Yes ,Yes ,Yes ,Yes ,,,,,,,,,,Don't know ,Yes ,"Yes, fully implemented ",,Yes ,,Free to all ,Yes ,No ,No ,No ,,Yes ,On-going ,Yes ,No ,"Yes, annually ",Yes ,"Yes, a health strategy or policy that integrates the AIDS response ",Yes ,No ,,,,,,,,,,,,No restrictions ,No ,No 
Marshall Islands,Yes ,Yes ,Yes ,Yes ,,,,,,,,,,"Yes, partially ",No ,,,No ,No ,Free to all ,Yes ,No ,Yes ,No ,No ,Yes ,On-going ,Yes ,Yes ,No ,Yes ,"Yes, a health strategy or policy that integrates the AIDS response ",No ,Yes ,No ,,,,,,,,,,,Prohibit short- and/or long-stay and require HIV testing or disclosure for some permits ,Yes ,Yes 
Mauritania,Yes ,Yes ,Yes ,Yes ,,,,,,,Yes ,,,No ,No ,,No ,No ,No ,Free to all ,,No ,No ,No ,No ,Yes ,,Yes ,No ,No ,Yes ,"Yes, a stand-alone AIDS strategy or policy ",Yes ,Yes ,Yes ,,No ,,,No ,No ,No ,No ,,Yes ,No restrictions ,No ,No 
Mauritius,Yes ,Yes ,Yes ,Yes ,,Yes ,,Yes ,Yes ,Yes ,,Yes ,,No ,Yes ,No pilots or implementation ,Yes ,No ,,Free to all ,Yes ,No ,No ,Yes ,Yes ,Yes ,On-going ,Yes ,Yes ,"Yes, annually ",Yes ,"Yes, a stand-alone AIDS strategy or policy ",Yes ,Yes ,Yes ,51–75% complete ,Yes ,Yes ,Yes ,"Yes, completed ",No ,No ,"Yes, fully adopted ",Implemented countrywide  ,No ,Prohibit short- and/or long-stay and require HIV testing or disclosure for some permits ,Yes ,Yes 
Mexico,Yes ,Yes ,Yes ,Yes ,,Yes ,,,,,Yes ,Yes ,,No ,No ,No pilots or implementation ,No ,No ,No ,Free to all ,Yes ,No ,No ,No ,Yes ,Yes ,"Yes, completed ",Yes ,Yes ,No ,No ,"Yes, a stand-alone AIDS strategy or policy ",Yes ,Yes ,Yes ,>75% complete ,Yes ,Yes ,Yes ,On-going ,No ,Yes ,"Yes, partially adopted ",Implemented in many  treatment sites ,Yes ,No restrictions ,No ,No 
Micronesia ,Yes ,Yes ,Yes ,Yes ,,,,,,,,,,"Yes, partially ",No ,,,No ,No ,Free to all ,No ,No ,No ,No ,Yes ,No ,On-going ,No ,Yes ,No ,Yes ,"Yes, a stand-alone AIDS strategy or policy ",Yes ,Yes ,No ,,,,,,,,,,,No restrictions ,No ,No 
Monaco,Yes ,Yes ,Yes ,,,Yes ,Yes ,Yes ,,,,,,"Yes, fully ",Yes ,"Yes, fully implemented ",,No ,,Free to all ,,No ,No ,No ,,Yes ,,,,,,,,,,,,,,On-going ,"Yes, rapid initiation within 7 days of HIV diagnosis ",Yes ,"Yes, fully adopted ",Implemented countrywide  ,No ,No restrictions ,No ,No 
Mongolia,Yes ,Yes ,Yes ,Yes ,,,,Yes ,,,Yes ,Yes ,,"Yes, partially ",Yes ,"No, it is being piloted ",Yes ,No ,Yes ,Free to all ,No ,Yes ,No ,Yes ,Yes ,Yes ,,Yes ,Yes ,"Yes, annually ",Yes ,"Yes, a health strategy or policy that integrates the AIDS response ",Yes ,No ,Yes ,>75% complete ,Yes ,No ,Yes ,No ,No ,No ,"Yes, fully adopted ",Implemented countrywide  ,Yes ,No restrictions ,No ,No 
Montenegro,Yes ,Yes ,,,,,,,,,,,,No ,No ,,No ,No ,No ,Free to all ,No ,No ,No ,Yes ,Yes ,No ,No ,No ,No ,No ,Yes ,"Yes, a stand-alone AIDS strategy or policy ",No ,Yes ,No ,>75% complete ,Yes ,Yes ,No ,No ,No ,No ,No ,,No ,No restrictions ,No ,No 
Morocco,Yes ,Yes ,Yes ,Yes ,Yes ,Yes ,Yes ,Yes ,,,Yes ,Yes ,Yes ,"Yes, fully ",Yes ,"No, it is being piloted ",,No ,,Free to all ,Yes ,No ,No ,Yes ,Yes ,Yes ,On-going ,Yes ,Yes ,"Yes, less than annually ",Yes ,"Yes, a stand-alone AIDS strategy or policy ",Yes ,Yes ,Yes ,,No ,,,"Yes, completed ","Yes, rapid initiation within 7 days of HIV diagnosis ",Yes ,"Yes, fully adopted ",Implemented countrywide  ,Yes ,No restrictions ,No ,No 
Mozambique,Yes ,Yes ,Yes ,Yes ,Yes ,Yes ,,Yes ,Yes ,,Yes ,Yes ,Yes ,"Yes, partially ",Yes ,"No, it is being piloted ",,No ,Yes ,Free to all ,Yes ,No ,No ,No ,No ,Yes ,On-going ,Yes ,Yes ,No ,No ,"Yes, a stand-alone AIDS strategy or policy ",No ,Yes ,No ,,Yes ,No ,No ,On-going ,No ,Yes ,"Yes, partially adopted ",Implemented in few  treatment sites ,Yes ,No restrictions ,No ,No 
Myanmar,Yes ,Yes ,Yes ,Yes ,,Yes ,Yes ,Yes ,Yes ,,,,,"Yes, fully ",Yes ,No pilots or implementation ,Yes ,Yes ,Yes ,Free to all ,Yes ,No ,No ,Yes ,No ,Yes ,On-going ,Yes ,Yes ,No ,Yes ,"Yes, a health strategy or policy that integrates the AIDS response ",Yes ,Yes ,Yes ,25–50% complete ,Yes ,No ,No ,"Yes, completed ","Yes, rapid initiation within 7 days of HIV diagnosis ",No ,"Yes, partially adopted ",Implemented in many  treatment sites ,No ,No restrictions ,No ,No 
Namibia,Yes ,Yes ,Yes ,Yes ,Yes ,Yes ,Yes ,Yes ,,,,,,No ,Yes ,"Yes, fully implemented ",Yes ,No ,,Free to all ,Yes ,No ,No ,No ,Yes ,Yes ,"Yes, completed ",Yes ,Yes ,No ,Yes ,"Yes, a stand-alone AIDS strategy or policy ",No ,,No ,51–75% complete ,Yes ,No ,No ,"Yes, completed ","Yes, rapid initiation within 7 days of HIV diagnosis ",Yes ,"Yes, fully adopted ",Implemented countrywide  ,,No restrictions ,No ,No 
Nauru,Yes ,Yes ,Yes ,,,,,Yes ,,,,,,"Yes, partially ",No ,,,Yes ,,Free to all ,Yes ,No ,No ,No ,No ,No ,Other ,Yes ,Yes ,"Yes, annually ",Yes ,"Yes, a health strategy or policy that integrates the AIDS response ",No ,Yes ,Yes ,,,,,,,,,,,No restrictions ,No ,No 
Nepal,Yes ,Yes ,Yes ,Yes ,,Yes ,,Yes ,,,Yes ,Yes ,Yes ,"Yes, fully ",Yes ,"No, it is being piloted ",Yes ,No ,,Free to all ,Yes ,No ,No ,No ,Yes ,Yes ,"Yes, completed ",Yes ,Yes ,No ,Yes ,"Yes, a stand-alone AIDS strategy or policy ",No ,No ,No ,<25% complete ,Yes ,No ,No ,On-going ,Other ,Yes ,"Yes, partially adopted ",,Yes ,No restrictions ,No ,No 
Netherlands,,,,,,,,,,,,,,,Yes ,"Yes, fully implemented ",,,,,,,,,,,,,,,,,,,,,,,,,,,,,,No restrictions ,No ,No 
New Zealand,Yes ,Yes ,Yes ,Yes ,Yes ,Yes ,Yes ,Yes ,,,Yes ,,,Don't know ,Yes ,"Yes, fully implemented ",,No ,Yes ,Free to some ,Yes ,No ,Yes ,No ,No ,Yes ,Other ,Yes ,No ,"Yes, less than annually ",No ,No ,No ,,,>75% complete ,Yes ,Yes ,Yes ,,"Yes, rapid initiation within 7 days of HIV diagnosis ",Yes ,No ,,Yes ,Require HIV testing or disclosure for some permits ,Yes ,Yes 
Nicaragua,Yes ,Yes ,Yes ,Yes ,,Yes ,,Yes ,,,Yes ,Yes ,Yes ,"Yes, partially ",No ,,No ,No ,No ,Free to all ,No ,No ,No ,No ,No ,Yes ,On-going ,Yes ,Yes ,No ,Yes ,"Yes, a stand-alone AIDS strategy or policy ",No ,No ,Yes ,>75% complete ,Yes ,Yes ,Yes ,On-going ,"Yes, rapid initiation within 7 days of HIV diagnosis ",No ,"Yes, fully adopted ",Implemented countrywide  ,Yes ,No restrictions ,No ,No 
Niger,Yes ,Yes ,Yes ,Yes ,Yes ,Yes ,,Yes ,,,Yes ,Yes ,Yes ,"Yes, partially ",Yes ,No pilots or implementation ,,No ,No ,Free to all ,Yes ,No ,No ,No ,No ,Yes ,No ,Yes ,Yes ,"Yes, less than annually ",Yes ,"Yes, a stand-alone AIDS strategy or policy ",Yes ,Yes ,Yes ,,No ,,,"Yes, completed ","Yes, rapid initiation within 7 days of HIV diagnosis ",Yes ,"Yes, fully adopted ",Implemented countrywide  ,Yes ,No restrictions ,No ,No 
Nigeria,Yes ,Yes ,Yes ,Yes ,,Yes ,Yes ,Yes ,,,Yes ,Yes ,Yes ,"Yes, partially ",Yes ,"No, it is being piloted ",Yes ,No ,Yes ,Free to all ,Yes ,No ,No ,No ,Yes ,Yes ,"Yes, completed ",Yes ,Yes ,No ,No ,"Yes, a stand-alone AIDS strategy or policy ",Yes ,Yes ,No ,25–50% complete ,Yes ,Yes ,No ,"Yes, completed ","Yes, rapid initiation within 7 days of HIV diagnosis ",Yes ,"Yes, partially adopted ",Implemented in few  treatment sites ,Yes ,No restrictions ,No ,No 
Niue,,Yes ,,,,,,,,,,,,No ,No ,,Yes ,No ,Yes ,Free to all ,Yes ,No ,No ,No ,No ,No ,No ,Yes ,No ,No ,Yes ,No ,,,,,,,,,,,,,,No restrictions ,No ,No 
North Macedonia,Yes ,Yes ,,Yes ,,,,Yes ,,Yes ,,,,No ,No ,,,No ,,,,,,,,,,,,,,,,,,,,,,,,,,,,No restrictions ,No ,No 
Norway,,,,,,,,,,,,,,,Yes ,No pilots or implementation ,,,,,,,,,,,,,,,,,,,,,,,,,,,,,,No restrictions ,No ,No 
Oman,Yes ,Yes ,Yes ,,,,,Yes ,Yes ,,,,,"Yes, partially ",No ,,No ,No ,No ,Free to some ,Yes ,No ,Yes ,Yes ,,Yes ,"Yes, completed ",Yes ,Yes ,"Yes, annually ",Yes ,"Yes, a health strategy or policy that integrates the AIDS response ",Yes ,No ,,25–50% complete ,Yes ,Yes ,No ,On-going ,"Yes, rapid initiation within 7 days of HIV diagnosis ",Yes ,"Yes, partially adopted ",Other ,No ,"Deport, prohibit short- and/or long-stay and require HIV testing or disclosure for some permits ",Yes ,Yes 
Pakistan,Yes ,Yes ,,Yes ,,Yes ,,,,,,,,"Yes, partially ",Yes ,No pilots or implementation ,,No ,Yes ,Free to all ,No ,No ,No ,No ,No ,Yes ,On-going ,Yes ,No ,No ,No ,"Yes, a stand-alone AIDS strategy or policy ",No ,No ,Yes ,,,,,On-going ,No ,No ,No ,,No ,No restrictions ,No ,No 
Palau,Yes ,Yes ,Yes ,Yes ,,,,,,,,,,Don't know ,No ,,,,,,,No ,No ,No ,No ,Yes ,Other ,No ,No ,No ,No ,"Yes, a stand-alone AIDS strategy or policy ",Yes ,No ,,,,,,,,,,,,Require HIV testing or disclosure for some permits ,Yes ,No 
Panama,Yes ,Yes ,Yes ,,,,,Yes ,,,Yes ,Yes ,Yes ,"Yes, partially ",No ,,No ,No ,No ,Free to all ,No ,Yes ,No ,Yes ,Yes ,Yes ,Other ,Yes ,Yes ,"Yes, less than annually ",Yes ,"Yes, a stand-alone AIDS strategy or policy ",Yes ,Yes ,No ,>75% complete ,Yes ,Yes ,Yes ,"Yes, completed ","Yes, rapid initiation within 7 days of HIV diagnosis ",Yes ,"Yes, fully adopted ",Implemented countrywide  ,Yes ,No restrictions ,No ,No 
Papua New Guinea,Yes ,Yes ,Yes ,Yes ,,,,Yes ,Yes ,,Yes ,Yes ,Yes ,"Yes, partially ",No ,,Yes ,No ,,Free to all ,Yes ,No ,Yes ,Yes ,No ,Yes ,"Yes, completed ",Yes ,Yes ,No ,Yes ,"Yes, a health strategy or policy that integrates the AIDS response ",Yes ,Yes ,Yes ,,Yes ,No ,No ,"Yes, completed ","Yes, rapid initiation within 7 days of HIV diagnosis ",Yes ,"Yes, fully adopted ",,Yes ,Require HIV testing or disclosure for some permits ,Yes ,Yes 
Paraguay,Yes ,Yes ,Yes ,Yes ,Yes ,Yes ,,,,,Yes ,Yes ,,"Yes, partially ",No ,,Yes ,No ,Yes ,Free to all ,Yes ,No ,No ,Yes ,Yes ,Yes ,On-going ,Yes ,No ,"Yes, less than annually ",Yes ,"Yes, a stand-alone AIDS strategy or policy ",Yes ,Yes ,,>75% complete ,Yes ,No ,Yes ,"Yes, completed ",Other ,Yes ,"Yes, fully adopted ",Implemented countrywide  ,Yes ,Require HIV testing or disclosure for some permits ,Yes ,Yes 
Peru,Yes ,Yes ,Yes ,Yes ,,,,,,,,,,"Yes, partially ",No ,,Yes ,No ,No ,Free to some ,,Yes ,No ,Yes ,Yes ,No ,,Yes ,Yes ,No ,No ,"Yes, a health strategy or policy that integrates the AIDS response ",No ,No ,,>75% complete ,Yes ,Yes ,Yes ,"Yes, completed ",,,,,,No restrictions ,No ,No 
Philippines,Yes ,Yes ,Yes ,Yes ,,Yes ,,,,,Yes ,,Yes ,"Yes, partially ",No ,,Yes ,No ,Yes ,Free to some ,Yes ,No ,No ,No ,No ,Yes ,On-going ,Yes ,Yes ,"Yes, annually ",No ,"Yes, a stand-alone AIDS strategy or policy ",Yes ,No ,Yes ,51–75% complete ,Yes ,No ,Yes ,"Yes, completed ",No ,Yes ,"Yes, fully adopted ",Implemented countrywide  ,Yes ,No restrictions ,No ,No 
Poland,Yes ,Yes ,Yes ,Yes ,,,,,,,,,,"Yes, fully ",Yes ,"No, it is being piloted ",,Yes ,No ,,,,,,,,,,,,,,,,,,Yes ,,,,,,,,,No restrictions ,No ,No 
Portugal,,,,,,,,,,,,,,,Yes ,"Yes, fully implemented ",,,,,,,,,,,,,,,,,,,,,,,,,,,,,,No restrictions ,No ,No 
Qatar,Yes ,Yes ,Yes ,,,,,Yes ,,,,,,Don't know ,No ,,No ,Yes ,,Free to all ,,Yes ,Yes ,Yes ,Yes ,Yes ,,Yes ,No ,"Yes, annually ",Yes ,No ,,,,,Yes ,No ,No ,"Yes, completed ","Yes, rapid initiation within 7 days of HIV diagnosis ",Yes ,,,,"Deport, prohibit short- and/or long-stay and require HIV testing or disclosure for some permits ",Yes ,Yes 
Republic of Korea,Yes ,,Yes ,Yes ,,Yes ,Yes ,,,,,,,"Yes, partially ",Yes ,"No, it is being piloted ",,No ,,Free to some ,,No ,Yes ,Yes ,,Yes ,,Yes ,Yes ,"Yes, annually ",Yes ,"Yes, a stand-alone AIDS strategy or policy ",Yes ,,,,Yes ,Yes ,No ,On-going ,"Yes, rapid initiation within 7 days of HIV diagnosis ",Yes ,"Yes, partially adopted ",Implemented in many  treatment sites ,No ,No restrictions ,No ,No 
Republic of Moldova,Yes ,Yes ,Yes ,Yes ,Yes ,Yes ,Yes ,,,Yes ,Yes ,,,"Yes, fully ",Yes ,"Yes, fully implemented ",,No ,Yes ,Free to all ,Yes ,No ,No ,No ,No ,Yes ,No ,Yes ,Yes ,No ,Yes ,"Yes, a stand-alone AIDS strategy or policy ",No ,Yes ,Yes ,>75% complete ,Yes ,No ,Yes ,"Yes, completed ","Yes, rapid initiation within 7 days of HIV diagnosis ",Yes ,"Yes, fully adopted ",Implemented countrywide  ,Yes ,No restrictions ,No ,No 
Romania,Yes ,Yes ,Yes ,Yes ,,,,Yes ,,,,,,"Yes, partially ",Yes ,"Yes, fully implemented ",,Yes ,,,,,,,,,,,,,,,,,,,,,,,,,,,,No restrictions ,No ,No 
Russian Federation,Yes ,Yes ,Yes ,,,,Yes ,Yes ,,,Yes ,Yes ,Yes ,"Yes, partially ",Yes ,"No, it is being piloted ",,No ,,Free to all ,Yes ,No ,No ,Yes ,Yes ,Yes ,,,,,,"Yes, a stand-alone AIDS strategy or policy ",No ,Yes ,Yes ,>75% complete ,Yes ,No ,No ,"Yes, completed ","Yes, rapid initiation within 7 days of HIV diagnosis ",Yes ,"Yes, partially adopted ",Implemented in many  treatment sites ,Yes ,"Deport, prohibit short- and/or long-stay and require HIV testing or disclosure for some permits ",Yes ,Yes 
Rwanda,Yes ,Yes ,Yes ,Yes ,,Yes ,Yes ,Yes ,,,Yes ,Yes ,Yes ,"Yes, fully ",Yes ,"Yes, fully implemented ",,Yes ,,Free to all ,Yes ,No ,No ,No ,No ,Yes ,"Yes, completed ",Yes ,Yes ,"Yes, annually ",Yes ,"Yes, a stand-alone AIDS strategy or policy ",Yes ,No ,,,,,,"Yes, completed ","Yes, rapid initiation within 7 days of HIV diagnosis ",Yes ,"Yes, fully adopted ",Implemented countrywide  ,Yes ,No restrictions ,No ,No 
Saint Kitts and Nevis,Yes ,Yes ,Yes ,Yes ,Yes ,Yes ,,Yes ,Yes ,,,,,No ,No ,,No ,No ,,Free to all ,Yes ,No ,No ,Yes ,,Yes ,,,,,,,,Yes ,No ,>75% complete ,Yes ,Yes ,No ,On-going ,"Yes, rapid initiation within 7 days of HIV diagnosis ",Yes ,"Yes, fully adopted ",Implemented countrywide  ,,Require HIV testing or disclosure for some permits ,Yes ,Yes 
Saint Lucia,Yes ,Yes ,Yes ,Yes ,,Yes ,,Yes ,,Yes ,Yes ,Yes ,Yes ,"Yes, partially ",No ,,No ,No ,Yes ,Free to all ,No ,No ,No ,No ,Yes ,Yes ,On-going ,Yes ,No ,No ,Yes ,"Yes, a stand-alone AIDS strategy or policy ",Yes ,No ,,,Yes ,Yes ,Yes ,Other ,"Yes, rapid initiation within 7 days of HIV diagnosis ",No ,"Yes, fully adopted ",Implemented countrywide  ,Yes ,No restrictions ,No ,No 
Saint Vincent and the Grenadines,Yes ,Yes ,Yes ,Yes ,,,,Yes ,,,Yes ,,,"Yes, partially ",No ,,No ,No ,Yes ,Free to all ,,No ,No ,No ,Yes ,Yes ,,,,,,,,,,,Yes ,No ,No ,,No ,No ,,,Yes ,Prohibit short- and/or long-stay and require HIV testing or disclosure for some permits ,Yes ,No 
Samoa,Yes ,Yes ,Yes ,Yes ,,,,Yes ,,,,,,"Yes, partially ",No ,,,No ,,Free to all ,Yes ,No ,No ,No ,Yes ,Yes ,"Yes, completed ",Yes ,Yes ,No ,Yes ,"Yes, a stand-alone AIDS strategy or policy ",Yes ,No ,Yes ,51–75% complete ,Yes ,Yes ,Yes ,,,,,,,Require HIV testing or disclosure for some permits ,Yes ,Yes 
San Marino,,,,,,,,,,,,,,,,,,,,,,,,,,,,,,,,,,,,,,,,,,,,,,No restrictions ,No ,No 
Sao Tome and Principe,Yes ,Yes ,Yes ,Yes ,,,,Yes ,,,Yes ,,,"Yes, partially ",No ,,No ,No ,No ,Free to all ,Yes ,No ,No ,No ,Yes ,No ,,Yes ,Yes ,No ,No ,"Yes, a stand-alone AIDS strategy or policy ",Yes ,Yes ,Yes ,,Yes ,No ,Yes ,"Yes, completed ","Yes, rapid initiation within 7 days of HIV diagnosis ",No ,"Yes, fully adopted ",Implemented countrywide  ,Yes ,No restrictions ,No ,No 
Saudi Arabia,Yes ,Yes ,Yes ,Yes ,,Yes ,,Yes ,,,,,,"Yes, partially ",No ,,Yes ,No ,,Free to all ,No ,Yes ,Yes ,Yes ,Yes ,Yes ,"Yes, completed ",Yes ,Yes ,No ,Yes ,"Yes, a stand-alone AIDS strategy or policy ",No ,No ,,,Yes ,Yes ,No ,"Yes, completed ","Yes, rapid initiation within 7 days of HIV diagnosis ",Yes ,"Yes, fully adopted ",,No ,"Deport, prohibit short- and/or long-stay and require HIV testing or disclosure for some permits ",Yes ,Yes 
Senegal,Yes ,Yes ,Yes ,Yes ,,Yes ,Yes ,Yes ,,,Yes ,Yes ,Yes ,"Yes, fully ",Yes ,"Yes, fully implemented ",Yes ,Yes ,,Free to all ,Yes ,No ,No ,No ,No ,Yes ,,Yes ,Yes ,No ,No ,"Yes, a stand-alone AIDS strategy or policy ",Yes ,Yes ,Yes ,,No ,,,"Yes, completed ","Yes, rapid initiation within 7 days of HIV diagnosis ",Yes ,"Yes, fully adopted ",Implemented countrywide  ,Yes ,No restrictions ,No ,No 
Serbia,Yes ,Yes ,Yes ,Yes ,,,,Yes ,,,,,,"Yes, partially ",No ,,No ,No ,,Free to some ,Yes ,No ,No ,Yes ,Yes ,Yes ,Other ,No ,No ,"Yes, less than annually ",No ,"Yes, a stand-alone AIDS strategy or policy ",Yes ,Yes ,No ,>75% complete ,Yes ,Yes ,Yes ,On-going ,"Yes, rapid initiation within 7 days of HIV diagnosis ",Yes ,"Yes, fully adopted ",,No ,No restrictions ,No ,No 
Seychelles,Yes ,Yes ,Yes ,Yes ,Yes ,,,Yes ,,,Yes ,,,"Yes, partially ",Yes ,"No, it is being piloted ",Yes ,No ,Yes ,Free to all ,Yes ,No ,No ,No ,No ,Yes ,"Yes, completed ",Yes ,Yes ,"Yes, annually ",No ,"Yes, a stand-alone AIDS strategy or policy ",Yes ,Yes ,No ,>75% complete ,Yes ,No ,Yes ,"Yes, completed ",Other ,Yes ,"Yes, partially adopted ",Implemented countrywide  ,Yes ,No restrictions ,No ,No 
Sierra Leone,Yes ,Yes ,Yes ,Yes ,Yes ,Yes ,,Yes ,Yes ,Yes ,Yes ,Yes ,Yes ,"Yes, partially ",Yes ,No pilots or implementation ,Yes ,No ,No ,Free to all ,Yes ,No ,No ,Yes ,Yes ,Yes ,No ,Yes ,Yes ,No ,Yes ,"Yes, a stand-alone AIDS strategy or policy ",Yes ,Yes ,Yes ,>75% complete ,Yes ,No ,No ,"Yes, completed ",Other ,No ,"Yes, partially adopted ",Implemented in few  treatment sites ,Yes ,No restrictions ,No ,No 
Singapore,Yes ,Yes ,Yes ,Yes ,,Yes ,,Yes ,,,,,,"Yes, partially ",Yes ,"No, it is being piloted ",Yes ,No ,,At a cost ,No ,No ,Yes ,Yes ,Yes ,Yes ,,Yes ,Yes ,"Yes, annually ",Yes ,"Yes, a stand-alone AIDS strategy or policy ",Yes ,No ,,>75% complete ,Yes ,Yes ,Yes ,"Yes, completed ","Yes, rapid initiation within 7 days of HIV diagnosis ",Yes ,"Yes, fully adopted ",Implemented in many  treatment sites ,No ,"Deport, prohibit short- and/or long-stay and require HIV testing or disclosure for some permits ",Yes ,Yes 
Slovakia,,,,,,,,,,,,,,,,,,,,,,,,,,,,,,,,,,,,,,,,,,,,,,No restrictions ,No ,No 
Slovenia,,,,,,,,,,,,,,,No ,,,,,,,,,,,,,,,,,,,,,,,,,,,,,,,No restrictions ,No ,No 
Solomon Islands,Yes ,Yes ,Yes ,,,,,Yes ,,,,,,"Yes, partially ",No ,,No ,No ,,Free to all ,,No ,No ,No ,,Yes ,,,,,,,,,,,,,,On-going ,No ,No ,No ,,,"Deport, prohibit short- and/or long-stay and require HIV testing or disclosure for some permits ",Yes ,Yes 
Somalia,Yes ,Yes ,Yes ,Yes ,,,,Yes ,,,,,,"Yes, fully ",No ,,Yes ,No ,Yes ,,,,,,,Yes ,,Yes ,No ,No ,,"Yes, a stand-alone AIDS strategy or policy ",Yes ,No ,,,,,,"Yes, completed ",Other ,Yes ,No ,,Yes ,No restrictions ,No ,No 
South Africa,Yes ,Yes ,Yes ,Yes ,Yes ,Yes ,Yes ,Yes ,,Yes ,Yes ,Yes ,Yes ,"Yes, partially ",Yes ,"Yes, fully implemented ",,No ,,Free to all ,Yes ,No ,No ,No ,No ,Yes ,"Yes, completed ",Yes ,Yes ,"Yes, annually ",Yes ,"Yes, a health strategy or policy that integrates the AIDS response ",Yes ,Yes ,Yes ,>75% complete ,Yes ,No ,No ,"Yes, completed ","Yes, rapid initiation within 7 days of HIV diagnosis ",Yes ,"Yes, fully adopted ",Implemented in many  treatment sites ,Yes ,No restrictions ,No ,No 
South Sudan,Yes ,Yes ,Yes ,Yes ,Yes ,Yes ,,Yes ,,,Yes ,Yes ,Yes ,"Yes, fully ",Yes ,No pilots or implementation ,Yes ,No ,No ,Free to all ,Yes ,No ,No ,No ,No ,Yes ,"Yes, completed ",Yes ,No ,No ,Yes ,"Yes, a stand-alone AIDS strategy or policy ",Yes ,Yes ,No ,<25% complete ,Yes ,No ,No ,On-going ,"Yes, rapid initiation within 7 days of HIV diagnosis ",Yes ,"Yes, fully adopted ",Implemented countrywide  ,Yes ,No restrictions ,No ,No 
Spain,Yes ,Yes ,Yes ,Yes ,Yes ,,,,,,,,,"Yes, fully ",Yes ,"Yes, fully implemented ",,Yes ,,Free to all ,Yes ,No ,No ,No ,Yes ,Yes ,Other ,Yes ,Yes ,"Yes, annually ",Yes ,"Yes, a stand-alone AIDS strategy or policy ",No ,,,,,,,,,,,,,No restrictions ,No ,No 
Sri Lanka,Yes ,Yes ,Yes ,Yes ,,Yes ,,Yes ,,Yes ,,,,"Yes, partially ",No ,,No ,No ,No ,Free to all ,No ,No ,No ,No ,No ,Yes ,"Yes, completed ",Yes ,Yes ,"Yes, annually ",Yes ,"Yes, a stand-alone AIDS strategy or policy ",Yes ,Yes ,Yes ,,No ,,,"Yes, completed ",Other ,No ,"Yes, fully adopted ",Implemented countrywide  ,No ,No restrictions ,No ,No 
Sudan,Yes ,Yes ,Yes ,Yes ,,Yes ,,Yes ,,Yes ,,,,"Yes, fully ",No ,,Yes ,No ,Yes ,Free to all ,Yes ,No ,Yes ,Yes ,No ,Yes ,On-going ,Yes ,No ,No ,No ,"Yes, a stand-alone AIDS strategy or policy ",No ,No ,No ,,,,,"Yes, completed ",Other ,No ,"Yes, fully adopted ",,No ,"Deport, prohibit short- and/or long-stay and require HIV testing or disclosure for some permits ",Yes ,Yes 
Suriname,Yes ,Yes ,Yes ,Yes ,,Yes ,,Yes ,,,,,,"Yes, partially ",No ,,Yes ,No ,,Free to all ,No ,No ,No ,Yes ,,Yes ,On-going ,Yes ,No ,"Yes, less than annually ",Yes ,"Yes, a stand-alone AIDS strategy or policy ",Yes ,Yes ,,>75% complete ,Yes ,No ,No ,,,,,,,No restrictions ,No ,No 
Sweden,,,,,,,,,,,,,,,No ,,,,,,,,,,,,,,,,,,,,,,,,,,,,,,,No restrictions ,No ,No 
Switzerland,Yes ,Yes ,Yes ,Yes ,,,,Yes ,,,,,,"Yes, partially ",Yes ,"Yes, fully implemented ",Yes ,Yes ,,,,,,,,,,,,,,,,,,,,,,,,,,,,No restrictions ,No ,No 
Syrian Arab Republic,Yes ,Yes ,Yes ,Yes ,,,,,,,,,,"Yes, fully ",,,,Yes ,,Free to all ,Yes ,Yes ,Yes ,Yes ,,Yes ,"Yes, completed ",Yes ,No ,"Yes, less than annually ",Yes ,"Yes, a stand-alone AIDS strategy or policy ",Yes ,No ,,,,,,,,,,,,"Deport, prohibit short- and/or long-stay and require HIV testing or disclosure for some permits ",Yes ,Yes 
Tajikistan,Yes ,Yes ,Yes ,Yes ,,Yes ,Yes ,Yes ,,Yes ,Yes ,Yes ,Yes ,"Yes, fully ",Yes ,"No, it is being piloted ",Yes ,Yes ,Yes ,Free to some ,Yes ,Yes ,No ,Yes ,Yes ,Yes ,On-going ,Yes ,Yes ,No ,No ,"Yes, a stand-alone AIDS strategy or policy ",Yes ,Yes ,Yes ,51–75% complete ,Yes ,No ,No ,"Yes, completed ","Yes, rapid initiation within 7 days of HIV diagnosis ",Yes ,"Yes, fully adopted ",Implemented countrywide  ,Yes ,No restrictions ,No ,No 
Thailand,Yes ,Yes ,Yes ,Yes ,,,,Yes ,,Yes ,Yes ,,,"Yes, partially ",Yes ,"No, it is being piloted ",Yes ,No ,Yes ,,,,,,,Yes ,,Yes ,Yes ,"Yes, annually ",Yes ,"Yes, a stand-alone AIDS strategy or policy ",Yes ,Yes ,Yes ,>75% complete ,Yes ,Yes ,Yes ,"Yes, completed ",Other ,Yes ,"Yes, fully adopted ",Implemented countrywide  ,Yes ,No restrictions ,No ,No 
Timor-Leste,,,,,,,,,,,,,,,No ,,No ,,,,,,,,,,,,,,,,,,,,,,,,,,,,,No restrictions ,No ,No 
Togo,Yes ,Yes ,Yes ,Yes ,,Yes ,,Yes ,,,Yes ,Yes ,Yes ,"Yes, fully ",Yes ,No pilots or implementation ,Yes ,No ,No ,Free to all ,Yes ,No ,No ,No ,No ,Yes ,On-going ,Yes ,Yes ,No ,No ,"Yes, a stand-alone AIDS strategy or policy ",Yes ,Yes ,Yes ,,Yes ,No ,No ,"Yes, completed ","Yes, rapid initiation within 7 days of HIV diagnosis ",Yes ,"Yes, fully adopted ",Implemented countrywide  ,Yes ,No restrictions ,No ,No 
Tonga,Yes ,Yes ,Yes ,Yes ,,,,Yes ,,,,,,"Yes, partially ",No ,,,Yes ,,,Yes ,No ,Yes ,No ,Yes ,,On-going ,Yes ,Yes ,"Yes, annually ",Yes ,"Yes, a health strategy or policy that integrates the AIDS response ",No ,,,,,,,,,,,,,Require HIV testing or disclosure for some permits ,Yes ,Yes 
Trinidad and Tobago,Yes ,Yes ,Yes ,,,Yes ,,Yes ,,,Yes ,Yes ,Yes ,"Yes, partially ",No ,,Yes ,No ,,,,,,,,Yes ,,Yes ,Yes ,No ,Yes ,,,,,,,,,On-going ,"Yes, rapid initiation within 7 days of HIV diagnosis ",No ,"Yes, fully adopted ",Implemented countrywide  ,Yes ,No restrictions ,No ,No 
Tunisia,Yes ,Yes ,Yes ,Yes ,,,,Yes ,,,Yes ,,,"Yes, partially ",No ,,No ,No ,Yes ,Free to all ,Yes ,No ,No ,No ,Yes ,Yes ,No ,Yes ,Yes ,"Yes, less than annually ",No ,"Yes, a stand-alone AIDS strategy or policy ",Yes ,Yes ,Yes ,,Yes ,No ,No ,On-going ,Other ,Yes ,"Yes, partially adopted ",Implemented in many  treatment sites ,Yes ,Prohibit short- and/or long-stay and require HIV testing or disclosure for some permits ,Yes ,Yes 
Turkey,Yes ,Yes ,Yes ,,,,,,Yes ,,Yes ,,,"Yes, partially ",No ,,No ,No ,,,,,,,,Yes ,,Yes ,,No ,Yes ,"Yes, a stand-alone AIDS strategy or policy ",Yes ,,,,,,,"Yes, completed ","Yes, rapid initiation within 7 days of HIV diagnosis ",Yes ,"Yes, fully adopted ",Implemented countrywide  ,Yes ,No restrictions ,No ,No 
Turkmenistan,,,,,,,,,,,,,,,,,,,,,,,,,,,,,,,,,,,,,,,,,,,,,,"Deport, prohibit short- and/or long-stay and require HIV testing or disclosure for some permits ",Yes ,Yes 
Tuvalu,Yes ,Yes ,Yes ,,,,,,,,,,,No ,No ,,,No ,Yes ,Free to some ,Yes ,No ,No ,Yes ,No ,No ,On-going ,Yes ,No ,No ,Yes ,No ,,,,,,,,,,,,,,Require HIV testing or disclosure for some permits ,Yes ,Yes 
Uganda,Yes ,Yes ,Yes ,Yes ,Yes ,Yes ,Yes ,Yes ,Yes ,,Yes ,Yes ,Yes ,"Yes, fully ",Yes ,"Yes, fully implemented ",,Yes ,,Free to all ,Yes ,No ,No ,No ,Yes ,Yes ,"Yes, completed ",Yes ,No ,No ,Yes ,"Yes, a stand-alone AIDS strategy or policy ",Yes ,No ,No ,,No ,,,"Yes, completed ","Yes, rapid initiation within 7 days of HIV diagnosis ",Yes ,"Yes, fully adopted ",Implemented countrywide  ,Yes ,No restrictions ,No ,No 
Ukraine,Yes ,Yes ,Yes ,Yes ,Yes ,Yes ,Yes ,Yes ,,,Yes ,Yes ,,"Yes, partially ",Yes ,"No, it is being piloted ",,No ,Yes ,Free to all ,Yes ,No ,No ,Yes ,Yes ,Yes ,"Yes, completed ",Yes ,No ,No ,Yes ,"Yes, a stand-alone AIDS strategy or policy ",Yes ,Yes ,No ,,Yes ,Yes ,Yes ,"Yes, completed ","Yes, rapid initiation within 7 days of HIV diagnosis ",Yes ,"Yes, fully adopted ",Implemented countrywide  ,Yes ,Prohibit short- and/or long-stay and require HIV testing or disclosure for some permits ,No ,No 
United Arab Emirates,Yes ,Yes ,Yes ,,,,,,,,,,,"Yes, partially ",,,,Yes ,,Free to some ,Yes ,Yes ,Yes ,,,Yes ,On-going ,Yes ,No ,,Yes ,"Yes, a health strategy or policy that integrates the AIDS response ",Yes ,,,,,,,,,,,,,"Deport, prohibit short- and/or long-stay and require HIV testing or disclosure for some permits ",Yes ,Yes 
United Kingdom of Great Britain and Northern Ireland,,,,,,,,,,,,,,,Yes ,"Yes, fully implemented ",,,,,,,,,,,,,,,,,,,,,,,,,,,,,,No restrictions ,No ,No 
United Republic of Tanzania,Yes ,Yes ,Yes ,Yes ,,,,Yes ,,,Yes ,Yes ,Yes ,"Yes, partially ",Yes ,"No, it is being piloted ",Yes ,No ,No ,Free to all ,Yes ,No ,No ,Yes ,Yes ,Yes ,"Yes, completed ",Yes ,Yes ,No ,Yes ,"Yes, a stand-alone AIDS strategy or policy ",Yes ,Yes ,Yes ,25–50% complete ,Yes ,Yes ,No ,"Yes, completed ","Yes, rapid initiation within 7 days of HIV diagnosis ",Yes ,"Yes, fully adopted ",Implemented in many  treatment sites ,Yes ,No restrictions ,No ,No 
United States,Yes ,Yes ,Yes ,Yes ,Yes ,Yes ,Yes ,Yes ,,,Yes ,Yes ,Yes ,"Yes, partially ",Yes ,"Yes, fully implemented ",,No ,,Free to all ,,,,,,Yes ,,Yes ,Yes ,"Yes, annually ",Yes ,"Yes, a stand-alone AIDS strategy or policy ",Yes ,Yes ,No ,>75% complete ,Yes ,No ,No ,"Yes, completed ","Yes, rapid initiation within 7 days of HIV diagnosis ",Yes ,"Yes, partially adopted ",,Yes ,No restrictions ,No ,No 
Uruguay,Yes ,Yes ,Yes ,Yes ,,,,Yes ,,,Yes ,Yes ,Yes ,"Yes, partially ",No ,,Yes ,No ,No ,Free to some ,Yes ,No ,No ,Yes ,Yes ,Yes ,On-going ,Yes ,No ,"Yes, less than annually ",Yes ,"Yes, a health strategy or policy that integrates the AIDS response ",Yes ,Yes ,No ,>75% complete ,Yes ,Yes ,Yes ,"Yes, completed ","Yes, rapid initiation within 7 days of HIV diagnosis ",No ,"Yes, fully adopted ",Implemented countrywide  ,Yes ,No restrictions ,No ,No 
Uzbekistan,Yes ,Yes ,Yes ,Yes ,,,,Yes ,Yes ,,Yes ,Yes ,,No ,Yes ,"No, it is being piloted ",Yes ,No ,,Free to some ,No ,Yes ,No ,Yes ,Yes ,Yes ,No ,Yes ,Yes ,No ,,"Yes, a stand-alone AIDS strategy or policy ",Yes ,No ,,>75% complete ,Yes ,No ,No ,On-going ,"Yes, rapid initiation within 7 days of HIV diagnosis ",No ,"Yes, fully adopted ",Implemented countrywide  ,Yes ,No restrictions ,No ,No 
Vanuatu,Yes ,Yes ,Yes ,Yes ,,Yes ,,,,,,,,"Yes, fully ",No ,,,No ,Yes ,Free to all ,Yes ,Yes ,Yes ,Yes ,No ,Yes ,"Yes, completed ",Yes ,Yes ,No ,Yes ,"Yes, a stand-alone AIDS strategy or policy ",Yes ,Yes ,No ,,,,,,,,,,,No restrictions ,No ,No 
Venezuela ,,Yes ,Yes ,Yes ,,,,Yes ,,,Yes ,,,"Yes, partially ",No ,,No ,No ,Yes ,Free to all ,Yes ,No ,No ,No ,Yes ,Yes ,Other ,Yes ,Yes ,No ,Yes ,"Yes, a health strategy or policy that integrates the AIDS response ",No ,Yes ,No ,,Yes ,No ,No ,"Yes, completed ","Yes, rapid initiation within 7 days of HIV diagnosis ",Yes ,"Yes, fully adopted ",Other ,Yes ,No restrictions ,No ,No 
Viet Nam,Yes ,Yes ,Yes ,Yes ,Yes ,Yes ,Yes ,Yes ,Yes ,,,,,"Yes, fully ",Yes ,"Yes, fully implemented ",,Yes ,,Free to some ,,No ,No ,Yes ,Yes ,Yes ,,Yes ,No ,"Yes, less than annually ",No ,"Yes, a stand-alone AIDS strategy or policy ",No ,Yes ,No ,,Yes ,Yes ,No ,Other ,"Yes, rapid initiation within 7 days of HIV diagnosis ",Yes ,"Yes, fully adopted ",Implemented countrywide  ,No ,No restrictions ,No ,No 
Yemen,,,,,,,,,,,,,,,No ,,,,,,,,,,,,,,,,,,,,,,,,,,,,,,,"Deport, prohibit short- and/or long-stay and require HIV testing or disclosure for some permits ",Yes ,Yes 
Zambia,Yes ,Yes ,Yes ,Yes ,Yes ,Yes ,Yes ,Yes ,,,Yes ,Yes ,Yes ,"Yes, fully ",Yes ,"Yes, fully implemented ",,Yes ,Yes ,Free to all ,Yes ,No ,No ,No ,Yes ,Yes ,"Yes, completed ",Yes ,Yes ,"Yes, less than annually ",Yes ,"Yes, a stand-alone AIDS strategy or policy ",Yes ,Yes ,Yes ,<25% complete ,Yes ,No ,No ,"Yes, completed ","Yes, rapid initiation within 7 days of HIV diagnosis ",Yes ,"Yes, fully adopted ",,Yes ,No restrictions ,No ,No 
Zimbabwe,Yes ,Yes ,Yes ,Yes ,Yes ,Yes ,Yes ,Yes ,,,Yes ,Yes ,Yes ,"Yes, fully ",Yes ,"Yes, fully implemented ",,Yes ,Yes ,Free to all ,Yes ,No ,No ,Yes ,Yes ,Yes ,"Yes, completed ",Yes ,Yes ,"Yes, less than annually ",Yes ,"Yes, a stand-alone AIDS strategy or policy ",Yes ,Yes ,Yes ,>75% complete ,Yes ,No ,No ,"Yes, completed ","Yes, rapid initiation within 7 days of HIV diagnosis ",Yes ,"Yes, fully adopted ",Implemented countrywide  ,Yes ,No restrictions ,No ,No 
